{
    "ROM": {
        "u31ef22df7f538df1d74dc7f756ef1a32": {}, 
        "u9cc2323f5b84f9df880c33aa9f9e3ae1": {}
    }, 
    "readMember": {
        "u31ef22df7f538df1d74dc7f756ef1a32": "", 
        "u9cc2323f5b84f9df880c33aa9f9e3ae1": ""
    }, 
    "readPoint": {
        "u31ef22df7f538df1d74dc7f756ef1a32": "7181345278979", 
        "u9cc2323f5b84f9df880c33aa9f9e3ae1": "7181344175829"
    }, 
    "setTime": {
        "u31ef22df7f538df1d74dc7f756ef1a32": "18:54:51", 
        "u9cc2323f5b84f9df880c33aa9f9e3ae1": "2017-12-21 18:54:18"
    }
}